,dominant_pitch_Hz,noise_level_RMS,duration_seconds
count,4000.0,4000.0,4000.0
mean,931.4225656805679,0.0756123885512352,5.0
std,751.1358623338273,0.08068489283323288,0.0
min,0.0,0.005535141099244356,5.0
25%,299.0073237673021,0.019335554912686348,5.0
50%,680.9092190493959,0.04792465642094612,5.0
75%,1439.404042354624,0.10073245503008366,5.0
max,3954.0219268466494,0.6859866380691528,5.0
