,dominant_pitch_Hz,noise_level_RMS,duration_seconds
count,4000.0,4000.0,4000.0
mean,930.6317385041023,0.07561236619949341,5.0
std,750.9290395259803,0.08068510890007019,0.0
min,0.0,0.005524450913071632,5.0
25%,298.01774598401187,0.019330032169818878,5.0
50%,683.35437843574,0.04791855812072754,5.0
75%,1426.2731853790065,0.10073472931981087,5.0
max,3954.0683226529045,0.6859820485115051,5.0
